{
  "main": {
    "id": "96af03b92e0097a1",
    "type": "split",
    "children": [
      {
        "id": "962520e34dd2ad18",
        "type": "tabs",
        "dimension": 51.39393939393939,
        "children": [
          {
            "id": "fd10886d9b41114d",
            "type": "leaf",
            "state": {
              "type": "markdown",
              "state": {
                "file": "index.md",
                "mode": "source",
                "backlinks": false,
                "source": false
              }
            }
          }
        ]
      },
      {
        "id": "6dd3ebd348f5bf6a",
        "type": "tabs",
        "dimension": 48.60606060606061,
        "children": [
          {
            "id": "4da966d1dceb1dca",
            "type": "leaf",
            "state": {
              "type": "markdown",
              "state": {
                "file": "main/Meta/Editing Setup.md",
                "mode": "source",
                "backlinks": true,
                "source": false
              }
            }
          }
        ]
      }
    ],
    "direction": "vertical"
  },
  "left": {
    "id": "39e43abe3220917d",
    "type": "split",
    "children": [
      {
        "id": "9c8ec434a0229cb2",
        "type": "tabs",
        "children": [
          {
            "id": "cfd243d7a0d7452f",
            "type": "leaf",
            "state": {
              "type": "file-explorer",
              "state": {
                "sortOrder": "alphabetical"
              }
            }
          },
          {
            "id": "8aa9e8985e6ca171",
            "type": "leaf",
            "state": {
              "type": "search",
              "state": {
                "query": "",
                "matchingCase": false,
                "explainSearch": false,
                "collapseAll": false,
                "extraContext": false,
                "sortOrder": "alphabetical"
              }
            }
          },
          {
            "id": "836936b2bd573800",
            "type": "leaf",
            "state": {
              "type": "bookmarks",
              "state": {}
            }
          }
        ]
      }
    ],
    "direction": "horizontal",
    "width": 249.5
  },
  "right": {
    "id": "82ef96b7fb19cef5",
    "type": "split",
    "children": [
      {
        "id": "397b00206dcfea50",
        "type": "tabs",
        "children": [
          {
            "id": "662e9ecb974a59c3",
            "type": "leaf",
            "state": {
              "type": "tag",
              "state": {
                "sortOrder": "frequency",
                "useHierarchy": true
              }
            }
          },
          {
            "id": "f53fe59cb7321d87",
            "type": "leaf",
            "state": {
              "type": "backlink",
              "state": {
                "file": "index.md",
                "collapseAll": false,
                "extraContext": false,
                "sortOrder": "alphabetical",
                "showSearch": false,
                "searchQuery": "",
                "backlinkCollapsed": false,
                "unlinkedCollapsed": true
              }
            }
          },
          {
            "id": "0adfc19c96b0f086",
            "type": "leaf",
            "state": {
              "type": "outgoing-link",
              "state": {
                "file": "index.md",
                "linksCollapsed": false,
                "unlinkedCollapsed": true
              }
            }
          },
          {
            "id": "865da5fcb2e79bb2",
            "type": "leaf",
            "state": {
              "type": "all-properties",
              "state": {
                "sortOrder": "frequency",
                "showSearch": false,
                "searchQuery": ""
              }
            }
          },
          {
            "id": "46b5e31d2c825f69",
            "type": "leaf",
            "state": {
              "type": "outline",
              "state": {
                "file": "index.md"
              }
            }
          }
        ],
        "currentTab": 1
      }
    ],
    "direction": "horizontal",
    "width": 300,
    "collapsed": true
  },
  "left-ribbon": {
    "hiddenItems": {
      "switcher:Open quick switcher": false,
      "graph:Open graph view": false,
      "canvas:Create new canvas": false,
      "templates:Insert template": false,
      "command-palette:Open command palette": false,
      "templater-obsidian:Templater": false
    }
  },
  "active": "fd10886d9b41114d",
  "lastOpenFiles": [
    "main/Meta/Editing Setup.md",
    "index.md",
    "templates/References Template.md",
    "main/World Info/The Old Watch.md",
    "main/Meta/Editing Tips.md",
    "templates/Card Game Info Template.md",
    "main/Sidebars.md",
    "templates/Default Template.md",
    "templates/date template.md",
    "main/Atnia Info/Untitled.md",
    "main/Meta",
    "main/Information/Factions.md",
    "tags/navigation.md",
    "tags/info.md",
    "templates/More Posts.md",
    "templates/More Ideas.md",
    "main/World Info",
    "main/Navigation",
    "main/Unlisted",
    "main/attachments",
    "main",
    "notes/attachments/Pasted image 20240328164449.png",
    "notes/Posts/Other/A short commentary on cynical TM mapping yappers and restrictions..md",
    "notes/WipVideo/Script - What makes trackmania special and the nature of speedrunning.md",
    "notes/Posts/Other/Structuring Internet Communities and Current FOSS Platforms - Discord Yapping Paste.md",
    "_index.md",
    "notes/attachments/Pasted image 20240328162126.png",
    "notes/attachments/Pasted image 20240328162106.png",
    "notes/Posts/Other/On Ratings & Rankings.md",
    "notes/Navigation/Trackmania Resources.md",
    "notes/Ideas/TM Replay Render Settings.md",
    "notes/Ideas/Project Gamma.md",
    "notes/Ideas/PASL Signs.md",
    "notes/Ideas/My Trackmania Mapping.md",
    "notes/Ideas/Main YouTube Channel.md",
    "notes/attachments/Pasted image 20240228204810.png",
    "notes/attachments/Pasted image 20240213231004.png",
    "notes/attachments/Pasted image 20240213225217.png",
    "notes/attachments/Pasted image 20240205233837.png",
    "notes/attachments/Pasted image 20240115225851.png",
    "notes/attachments/Pasted image 20231216202400.png",
    "notes/attachments/Pasted image 20231216201237.png",
    "notes/Ideas/TM Resources",
    "notes/Ideas/New folder",
    "notes/Ideas/Transition Bank",
    "notes/z_other"
  ]
}